ticker,nome,pais,periodo,receita_musd,lucro_liquido_musd,ebitda_musd,margem_liquida_pct,margem_liquida_fonte_pct,fco_musd,fcf_musd,capex_musd,divida_liquida_musd,divida_patrimonio_pct,roe_pct,roa_pct,producao_kboed,market_cap_musd,pe,ev_ebitda,dividend_yield_pct,preco_acao_usd,margem_ebitda_pct,nd_ebitda_x,conversao_fcf_pct,capex_fco_pct,receita_por_boe_usd,ebitda_por_boe_usd,ev_musd,ev_por_boed_usd,fcf_yield_pct,cobertura_dividendo_x,payout_fcf_pct,producao_proxy
XOM,ExxonMobil,EUA,FY2025,323910,29760,59530,9.19,9.19,51970,23610,-28360,32860,16.3,11.1,6.6,4740,660332,20.67,10.29,2.54,160.59,18.38,0.55,39.66,54.57,187.22,34.41,693192,146243.0,3.58,1.41,71.04,nao
XOM,ExxonMobil,EUA,Q2 2026,114529,14525,28340,12.68,12.68,23555,17028,-6527,31780,16.3,12.63,7.05,4514,660332,20.67,10.29,2.54,160.59,24.74,0.43,60.08,27.71,278.81,68.99,692112,153326.0,4.63,1.82,54.89,nao
CVX,Chevron,EUA,FY2025,184430,12490,36490,6.77,6.77,33940,16590,-17350,34460,21.2,7.1,4.2,3720,401050,19.66,8.59,3.41,204.45,19.79,0.94,45.46,51.12,135.83,26.87,435510,117073.0,4.14,1.21,82.43,nao
CVX,Chevron,EUA,Q2 2026,67199,12072,23034,17.96,17.96,22633,18095,-4538,28545,19.5,10.84,6.24,4070,401050,19.66,8.59,3.41,204.45,34.28,0.52,78.56,20.05,181.44,62.19,429595,105552.0,6.74,1.98,50.63,nao
SHEL,Shell,Reino Unido,FY2025,266886,17837,52881,6.68,6.79,42863,23916,-18948,45687,20.7,10.1,4.7,2800,273227,10.58,5.37,1.58,95.78,19.81,0.86,45.23,44.21,261.14,51.74,318914,113898.0,8.75,5.54,18.05,nao
SHEL,Shell,Reino Unido,Q2 2026,94664,10821,22427,11.43,11.43,21432,17401,-4031,41702,40.4,14.37,6.83,2455,273227,10.58,5.37,1.58,95.78,23.69,0.62,77.59,18.81,423.73,100.39,314929,128281.0,11.55,7.31,13.69,nao
BP,BP,Reino Unido,FY2025,189335,55,28237,0.03,0.68,24493,11272,-13221,22200,98,0.1,0.02,2310,113701,21.12,4.9,4.71,44.15,14.91,0.79,39.92,53.98,224.56,33.49,135901,58832.0,9.91,2.1,47.51,nao
BP,BP,Reino Unido,Q2 2026,69105,3911,13671,5.66,5.66,10858,7771,-3087,35468,124.4,9.4,1.86,2201,113701,21.12,4.9,4.71,44.15,19.78,0.91,56.84,28.43,345.02,68.26,149169,67773.0,14.2,3.01,33.17,nao
EQNR,Equinor,Noruega,FY2025,106462,5043,37826,4.74,4.75,19971,5977,-13994,-11888,77,12.2,3.8,2165,100013,11.43,5.11,3.65,42.19,35.53,-0.31,15.8,70.07,134.72,47.87,88125,40704.0,5.98,1.64,61.08,sim
EQNR,Equinor,Noruega,Q2 2026,34523,4848,16184,14.04,14.04,9470,6598,-2872,8693,75.3,21.03,6.43,2165,100013,11.43,5.11,3.65,42.19,46.88,0.19,40.77,30.33,175.23,82.15,108706,50211.0,9.58,2.62,38.1,nao
TTE,TotalEnergies,França,FY2025,182344,13127,34806,7.2,7.33,27343,10390,-16953,-31499,52,11.3,4.55,2530,200890,11.38,5.95,4.46,90.94,19.09,-0.9,29.85,62.0,197.46,37.69,169391,66953.0,5.17,1.16,86.23,nao
TTE,TotalEnergies,França,Q2 2026,57097,5438,12543,9.52,9.52,10858,6626,-4232,30991,48.8,13.89,5.68,2395,200890,11.38,5.95,4.46,90.94,21.97,0.67,52.83,38.98,261.98,57.55,231881,96819.0,8.07,1.81,55.24,nao
PBR,Petrobras,Brasil,FY2025,89200,19740,37310,22.13,22.13,35910,16420,-19490,59760,91.96,28.1,9.4,2990,131272,5.14,1.83,5.34,20.37,41.83,1.6,44.01,54.27,81.73,34.19,191032,63890.0,12.51,2.34,42.69,nao
PBR,Petrobras,Brasil,Q2 2026,33607,10428,19283,31.03,31.03,12300,7734,-4566,60420,76.2,27.51,10.34,3340,131272,5.14,1.83,5.34,20.37,57.38,1.2,40.11,37.12,110.57,63.44,191692,57393.0,15.33,2.87,34.83,nao
